DateID,Date,Year,Quarter,Month,MonthName,Week,Weekday,WeekdayName
1,2018-01-02,2018,1,1,January,1,2,Tuesday
2,2018-01-03,2018,1,1,January,1,3,Wednesday
3,2018-01-04,2018,1,1,January,1,4,Thursday
4,2018-01-05,2018,1,1,January,1,5,Friday
5,2018-01-08,2018,1,1,January,2,1,Monday
6,2018-01-09,2018,1,1,January,2,2,Tuesday
7,2018-01-10,2018,1,1,January,2,3,Wednesday
8,2018-01-11,2018,1,1,January,2,4,Thursday
9,2018-01-12,2018,1,1,January,2,5,Friday
10,2018-01-16,2018,1,1,January,3,2,Tuesday
11,2018-01-17,2018,1,1,January,3,3,Wednesday
12,2018-01-18,2018,1,1,January,3,4,Thursday
13,2018-01-19,2018,1,1,January,3,5,Friday
14,2018-01-22,2018,1,1,January,4,1,Monday
15,2018-01-23,2018,1,1,January,4,2,Tuesday
16,2018-01-24,2018,1,1,January,4,3,Wednesday
17,2018-01-25,2018,1,1,January,4,4,Thursday
18,2018-01-26,2018,1,1,January,4,5,Friday
19,2018-01-29,2018,1,1,January,5,1,Monday
20,2018-01-30,2018,1,1,January,5,2,Tuesday
21,2018-01-31,2018,1,1,January,5,3,Wednesday
22,2018-02-01,2018,1,2,February,5,4,Thursday
23,2018-02-02,2018,1,2,February,5,5,Friday
24,2018-02-05,2018,1,2,February,6,1,Monday
25,2018-02-06,2018,1,2,February,6,2,Tuesday
26,2018-02-07,2018,1,2,February,6,3,Wednesday
27,2018-02-08,2018,1,2,February,6,4,Thursday
28,2018-02-09,2018,1,2,February,6,5,Friday
29,2018-02-12,2018,1,2,February,7,1,Monday
30,2018-02-13,2018,1,2,February,7,2,Tuesday
31,2018-02-14,2018,1,2,February,7,3,Wednesday
32,2018-02-15,2018,1,2,February,7,4,Thursday
33,2018-02-16,2018,1,2,February,7,5,Friday
34,2018-02-20,2018,1,2,February,8,2,Tuesday
35,2018-02-21,2018,1,2,February,8,3,Wednesday
36,2018-02-22,2018,1,2,February,8,4,Thursday
37,2018-02-23,2018,1,2,February,8,5,Friday
38,2018-02-26,2018,1,2,February,9,1,Monday
39,2018-02-27,2018,1,2,February,9,2,Tuesday
40,2018-02-28,2018,1,2,February,9,3,Wednesday
41,2018-03-01,2018,1,3,March,9,4,Thursday
42,2018-03-02,2018,1,3,March,9,5,Friday
43,2018-03-05,2018,1,3,March,10,1,Monday
44,2018-03-06,2018,1,3,March,10,2,Tuesday
45,2018-03-07,2018,1,3,March,10,3,Wednesday
46,2018-03-08,2018,1,3,March,10,4,Thursday
47,2018-03-09,2018,1,3,March,10,5,Friday
48,2018-03-12,2018,1,3,March,11,1,Monday
49,2018-03-13,2018,1,3,March,11,2,Tuesday
50,2018-03-14,2018,1,3,March,11,3,Wednesday
51,2018-03-15,2018,1,3,March,11,4,Thursday
52,2018-03-16,2018,1,3,March,11,5,Friday
53,2018-03-19,2018,1,3,March,12,1,Monday
54,2018-03-20,2018,1,3,March,12,2,Tuesday
55,2018-03-21,2018,1,3,March,12,3,Wednesday
56,2018-03-22,2018,1,3,March,12,4,Thursday
57,2018-03-23,2018,1,3,March,12,5,Friday
58,2018-03-26,2018,1,3,March,13,1,Monday
59,2018-03-27,2018,1,3,March,13,2,Tuesday
60,2018-03-28,2018,1,3,March,13,3,Wednesday
61,2018-03-29,2018,1,3,March,13,4,Thursday
62,2018-04-02,2018,2,4,April,14,1,Monday
63,2018-04-03,2018,2,4,April,14,2,Tuesday
64,2018-04-04,2018,2,4,April,14,3,Wednesday
65,2018-04-05,2018,2,4,April,14,4,Thursday
66,2018-04-06,2018,2,4,April,14,5,Friday
67,2018-04-09,2018,2,4,April,15,1,Monday
68,2018-04-10,2018,2,4,April,15,2,Tuesday
69,2018-04-11,2018,2,4,April,15,3,Wednesday
70,2018-04-12,2018,2,4,April,15,4,Thursday
71,2018-04-13,2018,2,4,April,15,5,Friday
72,2018-04-16,2018,2,4,April,16,1,Monday
73,2018-04-17,2018,2,4,April,16,2,Tuesday
74,2018-04-18,2018,2,4,April,16,3,Wednesday
75,2018-04-19,2018,2,4,April,16,4,Thursday
76,2018-04-20,2018,2,4,April,16,5,Friday
77,2018-04-23,2018,2,4,April,17,1,Monday
78,2018-04-24,2018,2,4,April,17,2,Tuesday
79,2018-04-25,2018,2,4,April,17,3,Wednesday
80,2018-04-26,2018,2,4,April,17,4,Thursday
81,2018-04-27,2018,2,4,April,17,5,Friday
82,2018-04-30,2018,2,4,April,18,1,Monday
83,2018-05-01,2018,2,5,May,18,2,Tuesday
84,2018-05-02,2018,2,5,May,18,3,Wednesday
85,2018-05-03,2018,2,5,May,18,4,Thursday
86,2018-05-04,2018,2,5,May,18,5,Friday
87,2018-05-07,2018,2,5,May,19,1,Monday
88,2018-05-08,2018,2,5,May,19,2,Tuesday
89,2018-05-09,2018,2,5,May,19,3,Wednesday
90,2018-05-10,2018,2,5,May,19,4,Thursday
91,2018-05-11,2018,2,5,May,19,5,Friday
92,2018-05-14,2018,2,5,May,20,1,Monday
93,2018-05-15,2018,2,5,May,20,2,Tuesday
94,2018-05-16,2018,2,5,May,20,3,Wednesday
95,2018-05-17,2018,2,5,May,20,4,Thursday
96,2018-05-18,2018,2,5,May,20,5,Friday
97,2018-05-21,2018,2,5,May,21,1,Monday
98,2018-05-22,2018,2,5,May,21,2,Tuesday
99,2018-05-23,2018,2,5,May,21,3,Wednesday
100,2018-05-24,2018,2,5,May,21,4,Thursday
101,2018-05-25,2018,2,5,May,21,5,Friday
102,2018-05-29,2018,2,5,May,22,2,Tuesday
103,2018-05-30,2018,2,5,May,22,3,Wednesday
104,2018-05-31,2018,2,5,May,22,4,Thursday
105,2018-06-01,2018,2,6,June,22,5,Friday
106,2018-06-04,2018,2,6,June,23,1,Monday
107,2018-06-05,2018,2,6,June,23,2,Tuesday
108,2018-06-06,2018,2,6,June,23,3,Wednesday
109,2018-06-07,2018,2,6,June,23,4,Thursday
110,2018-06-08,2018,2,6,June,23,5,Friday
111,2018-06-11,2018,2,6,June,24,1,Monday
112,2018-06-12,2018,2,6,June,24,2,Tuesday
113,2018-06-13,2018,2,6,June,24,3,Wednesday
114,2018-06-14,2018,2,6,June,24,4,Thursday
115,2018-06-15,2018,2,6,June,24,5,Friday
116,2018-06-18,2018,2,6,June,25,1,Monday
117,2018-06-19,2018,2,6,June,25,2,Tuesday
118,2018-06-20,2018,2,6,June,25,3,Wednesday
119,2018-06-21,2018,2,6,June,25,4,Thursday
120,2018-06-22,2018,2,6,June,25,5,Friday
121,2018-06-25,2018,2,6,June,26,1,Monday
122,2018-06-26,2018,2,6,June,26,2,Tuesday
123,2018-06-27,2018,2,6,June,26,3,Wednesday
124,2018-06-28,2018,2,6,June,26,4,Thursday
125,2018-06-29,2018,2,6,June,26,5,Friday
126,2018-07-02,2018,3,7,July,27,1,Monday
127,2018-07-03,2018,3,7,July,27,2,Tuesday
128,2018-07-05,2018,3,7,July,27,4,Thursday
129,2018-07-06,2018,3,7,July,27,5,Friday
130,2018-07-09,2018,3,7,July,28,1,Monday
131,2018-07-10,2018,3,7,July,28,2,Tuesday
132,2018-07-11,2018,3,7,July,28,3,Wednesday
133,2018-07-12,2018,3,7,July,28,4,Thursday
134,2018-07-13,2018,3,7,July,28,5,Friday
135,2018-07-16,2018,3,7,July,29,1,Monday
136,2018-07-17,2018,3,7,July,29,2,Tuesday
137,2018-07-18,2018,3,7,July,29,3,Wednesday
138,2018-07-19,2018,3,7,July,29,4,Thursday
139,2018-07-20,2018,3,7,July,29,5,Friday
140,2018-07-23,2018,3,7,July,30,1,Monday
141,2018-07-24,2018,3,7,July,30,2,Tuesday
142,2018-07-25,2018,3,7,July,30,3,Wednesday
143,2018-07-26,2018,3,7,July,30,4,Thursday
144,2018-07-27,2018,3,7,July,30,5,Friday
145,2018-07-30,2018,3,7,July,31,1,Monday
146,2018-07-31,2018,3,7,July,31,2,Tuesday
147,2018-08-01,2018,3,8,August,31,3,Wednesday
148,2018-08-02,2018,3,8,August,31,4,Thursday
149,2018-08-03,2018,3,8,August,31,5,Friday
150,2018-08-06,2018,3,8,August,32,1,Monday
151,2018-08-07,2018,3,8,August,32,2,Tuesday
152,2018-08-08,2018,3,8,August,32,3,Wednesday
153,2018-08-09,2018,3,8,August,32,4,Thursday
154,2018-08-10,2018,3,8,August,32,5,Friday
155,2018-08-13,2018,3,8,August,33,1,Monday
156,2018-08-14,2018,3,8,August,33,2,Tuesday
157,2018-08-15,2018,3,8,August,33,3,Wednesday
158,2018-08-16,2018,3,8,August,33,4,Thursday
159,2018-08-17,2018,3,8,August,33,5,Friday
160,2018-08-20,2018,3,8,August,34,1,Monday
161,2018-08-21,2018,3,8,August,34,2,Tuesday
162,2018-08-22,2018,3,8,August,34,3,Wednesday
163,2018-08-23,2018,3,8,August,34,4,Thursday
164,2018-08-24,2018,3,8,August,34,5,Friday
165,2018-08-27,2018,3,8,August,35,1,Monday
166,2018-08-28,2018,3,8,August,35,2,Tuesday
167,2018-08-29,2018,3,8,August,35,3,Wednesday
168,2018-08-30,2018,3,8,August,35,4,Thursday
169,2018-08-31,2018,3,8,August,35,5,Friday
170,2018-09-04,2018,3,9,September,36,2,Tuesday
171,2018-09-05,2018,3,9,September,36,3,Wednesday
172,2018-09-06,2018,3,9,September,36,4,Thursday
173,2018-09-07,2018,3,9,September,36,5,Friday
174,2018-09-10,2018,3,9,September,37,1,Monday
175,2018-09-11,2018,3,9,September,37,2,Tuesday
176,2018-09-12,2018,3,9,September,37,3,Wednesday
177,2018-09-13,2018,3,9,September,37,4,Thursday
178,2018-09-14,2018,3,9,September,37,5,Friday
179,2018-09-17,2018,3,9,September,38,1,Monday
180,2018-09-18,2018,3,9,September,38,2,Tuesday
181,2018-09-19,2018,3,9,September,38,3,Wednesday
182,2018-09-20,2018,3,9,September,38,4,Thursday
183,2018-09-21,2018,3,9,September,38,5,Friday
184,2018-09-24,2018,3,9,September,39,1,Monday
185,2018-09-25,2018,3,9,September,39,2,Tuesday
186,2018-09-26,2018,3,9,September,39,3,Wednesday
187,2018-09-27,2018,3,9,September,39,4,Thursday
188,2018-09-28,2018,3,9,September,39,5,Friday
189,2018-10-01,2018,4,10,October,40,1,Monday
190,2018-10-02,2018,4,10,October,40,2,Tuesday
191,2018-10-03,2018,4,10,October,40,3,Wednesday
192,2018-10-04,2018,4,10,October,40,4,Thursday
193,2018-10-05,2018,4,10,October,40,5,Friday
194,2018-10-08,2018,4,10,October,41,1,Monday
195,2018-10-09,2018,4,10,October,41,2,Tuesday
196,2018-10-10,2018,4,10,October,41,3,Wednesday
197,2018-10-11,2018,4,10,October,41,4,Thursday
198,2018-10-12,2018,4,10,October,41,5,Friday
199,2018-10-15,2018,4,10,October,42,1,Monday
200,2018-10-16,2018,4,10,October,42,2,Tuesday
201,2018-10-17,2018,4,10,October,42,3,Wednesday
202,2018-10-18,2018,4,10,October,42,4,Thursday
203,2018-10-19,2018,4,10,October,42,5,Friday
204,2018-10-22,2018,4,10,October,43,1,Monday
205,2018-10-23,2018,4,10,October,43,2,Tuesday
206,2018-10-24,2018,4,10,October,43,3,Wednesday
207,2018-10-25,2018,4,10,October,43,4,Thursday
208,2018-10-26,2018,4,10,October,43,5,Friday
209,2018-10-29,2018,4,10,October,44,1,Monday
210,2018-10-30,2018,4,10,October,44,2,Tuesday
211,2018-10-31,2018,4,10,October,44,3,Wednesday
212,2018-11-01,2018,4,11,November,44,4,Thursday
213,2018-11-02,2018,4,11,November,44,5,Friday
214,2018-11-05,2018,4,11,November,45,1,Monday
215,2018-11-06,2018,4,11,November,45,2,Tuesday
216,2018-11-07,2018,4,11,November,45,3,Wednesday
217,2018-11-08,2018,4,11,November,45,4,Thursday
218,2018-11-09,2018,4,11,November,45,5,Friday
219,2018-11-12,2018,4,11,November,46,1,Monday
220,2018-11-13,2018,4,11,November,46,2,Tuesday
221,2018-11-14,2018,4,11,November,46,3,Wednesday
222,2018-11-15,2018,4,11,November,46,4,Thursday
223,2018-11-16,2018,4,11,November,46,5,Friday
224,2018-11-19,2018,4,11,November,47,1,Monday
225,2018-11-20,2018,4,11,November,47,2,Tuesday
226,2018-11-21,2018,4,11,November,47,3,Wednesday
227,2018-11-23,2018,4,11,November,47,5,Friday
228,2018-11-26,2018,4,11,November,48,1,Monday
229,2018-11-27,2018,4,11,November,48,2,Tuesday
230,2018-11-28,2018,4,11,November,48,3,Wednesday
231,2018-11-29,2018,4,11,November,48,4,Thursday
232,2018-11-30,2018,4,11,November,48,5,Friday
233,2018-12-03,2018,4,12,December,49,1,Monday
234,2018-12-04,2018,4,12,December,49,2,Tuesday
235,2018-12-06,2018,4,12,December,49,4,Thursday
236,2018-12-07,2018,4,12,December,49,5,Friday
237,2018-12-10,2018,4,12,December,50,1,Monday
238,2018-12-11,2018,4,12,December,50,2,Tuesday
239,2018-12-12,2018,4,12,December,50,3,Wednesday
240,2018-12-13,2018,4,12,December,50,4,Thursday
241,2018-12-14,2018,4,12,December,50,5,Friday
242,2018-12-17,2018,4,12,December,51,1,Monday
243,2018-12-18,2018,4,12,December,51,2,Tuesday
244,2018-12-19,2018,4,12,December,51,3,Wednesday
245,2018-12-20,2018,4,12,December,51,4,Thursday
246,2018-12-21,2018,4,12,December,51,5,Friday
247,2018-12-24,2018,4,12,December,52,1,Monday
248,2018-12-26,2018,4,12,December,52,3,Wednesday
249,2018-12-27,2018,4,12,December,52,4,Thursday
250,2018-12-28,2018,4,12,December,52,5,Friday
251,2018-12-31,2018,4,12,December,1,1,Monday
252,2019-01-02,2019,1,1,January,1,3,Wednesday
253,2019-01-03,2019,1,1,January,1,4,Thursday
254,2019-01-04,2019,1,1,January,1,5,Friday
255,2019-01-07,2019,1,1,January,2,1,Monday
256,2019-01-08,2019,1,1,January,2,2,Tuesday
257,2019-01-09,2019,1,1,January,2,3,Wednesday
258,2019-01-10,2019,1,1,January,2,4,Thursday
259,2019-01-11,2019,1,1,January,2,5,Friday
260,2019-01-14,2019,1,1,January,3,1,Monday
261,2019-01-15,2019,1,1,January,3,2,Tuesday
262,2019-01-16,2019,1,1,January,3,3,Wednesday
263,2019-01-17,2019,1,1,January,3,4,Thursday
264,2019-01-18,2019,1,1,January,3,5,Friday
265,2019-01-22,2019,1,1,January,4,2,Tuesday
266,2019-01-23,2019,1,1,January,4,3,Wednesday
267,2019-01-24,2019,1,1,January,4,4,Thursday
268,2019-01-25,2019,1,1,January,4,5,Friday
269,2019-01-28,2019,1,1,January,5,1,Monday
270,2019-01-29,2019,1,1,January,5,2,Tuesday
271,2019-01-30,2019,1,1,January,5,3,Wednesday
272,2019-01-31,2019,1,1,January,5,4,Thursday
273,2019-02-01,2019,1,2,February,5,5,Friday
274,2019-02-04,2019,1,2,February,6,1,Monday
275,2019-02-05,2019,1,2,February,6,2,Tuesday
276,2019-02-06,2019,1,2,February,6,3,Wednesday
277,2019-02-07,2019,1,2,February,6,4,Thursday
278,2019-02-08,2019,1,2,February,6,5,Friday
279,2019-02-11,2019,1,2,February,7,1,Monday
280,2019-02-12,2019,1,2,February,7,2,Tuesday
281,2019-02-13,2019,1,2,February,7,3,Wednesday
282,2019-02-14,2019,1,2,February,7,4,Thursday
283,2019-02-15,2019,1,2,February,7,5,Friday
284,2019-02-19,2019,1,2,February,8,2,Tuesday
285,2019-02-20,2019,1,2,February,8,3,Wednesday
286,2019-02-21,2019,1,2,February,8,4,Thursday
287,2019-02-22,2019,1,2,February,8,5,Friday
288,2019-02-25,2019,1,2,February,9,1,Monday
289,2019-02-26,2019,1,2,February,9,2,Tuesday
290,2019-02-27,2019,1,2,February,9,3,Wednesday
291,2019-02-28,2019,1,2,February,9,4,Thursday
292,2019-03-01,2019,1,3,March,9,5,Friday
293,2019-03-04,2019,1,3,March,10,1,Monday
294,2019-03-05,2019,1,3,March,10,2,Tuesday
295,2019-03-06,2019,1,3,March,10,3,Wednesday
296,2019-03-07,2019,1,3,March,10,4,Thursday
297,2019-03-08,2019,1,3,March,10,5,Friday
298,2019-03-11,2019,1,3,March,11,1,Monday
299,2019-03-12,2019,1,3,March,11,2,Tuesday
300,2019-03-13,2019,1,3,March,11,3,Wednesday
301,2019-03-14,2019,1,3,March,11,4,Thursday
302,2019-03-15,2019,1,3,March,11,5,Friday
303,2019-03-18,2019,1,3,March,12,1,Monday
304,2019-03-19,2019,1,3,March,12,2,Tuesday
305,2019-03-20,2019,1,3,March,12,3,Wednesday
306,2019-03-21,2019,1,3,March,12,4,Thursday
307,2019-03-22,2019,1,3,March,12,5,Friday
308,2019-03-25,2019,1,3,March,13,1,Monday
309,2019-03-26,2019,1,3,March,13,2,Tuesday
310,2019-03-27,2019,1,3,March,13,3,Wednesday
311,2019-03-28,2019,1,3,March,13,4,Thursday
312,2019-03-29,2019,1,3,March,13,5,Friday
313,2019-04-01,2019,2,4,April,14,1,Monday
314,2019-04-02,2019,2,4,April,14,2,Tuesday
315,2019-04-03,2019,2,4,April,14,3,Wednesday
316,2019-04-04,2019,2,4,April,14,4,Thursday
317,2019-04-05,2019,2,4,April,14,5,Friday
318,2019-04-08,2019,2,4,April,15,1,Monday
319,2019-04-09,2019,2,4,April,15,2,Tuesday
320,2019-04-10,2019,2,4,April,15,3,Wednesday
321,2019-04-11,2019,2,4,April,15,4,Thursday
322,2019-04-12,2019,2,4,April,15,5,Friday
323,2019-04-15,2019,2,4,April,16,1,Monday
324,2019-04-16,2019,2,4,April,16,2,Tuesday
325,2019-04-17,2019,2,4,April,16,3,Wednesday
326,2019-04-18,2019,2,4,April,16,4,Thursday
327,2019-04-22,2019,2,4,April,17,1,Monday
328,2019-04-23,2019,2,4,April,17,2,Tuesday
329,2019-04-24,2019,2,4,April,17,3,Wednesday
330,2019-04-25,2019,2,4,April,17,4,Thursday
331,2019-04-26,2019,2,4,April,17,5,Friday
332,2019-04-29,2019,2,4,April,18,1,Monday
333,2019-04-30,2019,2,4,April,18,2,Tuesday
334,2019-05-01,2019,2,5,May,18,3,Wednesday
335,2019-05-02,2019,2,5,May,18,4,Thursday
336,2019-05-03,2019,2,5,May,18,5,Friday
337,2019-05-06,2019,2,5,May,19,1,Monday
338,2019-05-07,2019,2,5,May,19,2,Tuesday
339,2019-05-08,2019,2,5,May,19,3,Wednesday
340,2019-05-09,2019,2,5,May,19,4,Thursday
341,2019-05-10,2019,2,5,May,19,5,Friday
342,2019-05-13,2019,2,5,May,20,1,Monday
343,2019-05-14,2019,2,5,May,20,2,Tuesday
344,2019-05-15,2019,2,5,May,20,3,Wednesday
345,2019-05-16,2019,2,5,May,20,4,Thursday
346,2019-05-17,2019,2,5,May,20,5,Friday
347,2019-05-20,2019,2,5,May,21,1,Monday
348,2019-05-21,2019,2,5,May,21,2,Tuesday
349,2019-05-22,2019,2,5,May,21,3,Wednesday
350,2019-05-23,2019,2,5,May,21,4,Thursday
351,2019-05-24,2019,2,5,May,21,5,Friday
352,2019-05-28,2019,2,5,May,22,2,Tuesday
353,2019-05-29,2019,2,5,May,22,3,Wednesday
354,2019-05-30,2019,2,5,May,22,4,Thursday
355,2019-05-31,2019,2,5,May,22,5,Friday
356,2019-06-03,2019,2,6,June,23,1,Monday
357,2019-06-04,2019,2,6,June,23,2,Tuesday
358,2019-06-05,2019,2,6,June,23,3,Wednesday
359,2019-06-06,2019,2,6,June,23,4,Thursday
360,2019-06-07,2019,2,6,June,23,5,Friday
361,2019-06-10,2019,2,6,June,24,1,Monday
362,2019-06-11,2019,2,6,June,24,2,Tuesday
363,2019-06-12,2019,2,6,June,24,3,Wednesday
364,2019-06-13,2019,2,6,June,24,4,Thursday
365,2019-06-14,2019,2,6,June,24,5,Friday
366,2019-06-17,2019,2,6,June,25,1,Monday
367,2019-06-18,2019,2,6,June,25,2,Tuesday
368,2019-06-19,2019,2,6,June,25,3,Wednesday
369,2019-06-20,2019,2,6,June,25,4,Thursday
370,2019-06-21,2019,2,6,June,25,5,Friday
371,2019-06-24,2019,2,6,June,26,1,Monday
372,2019-06-25,2019,2,6,June,26,2,Tuesday
373,2019-06-26,2019,2,6,June,26,3,Wednesday
374,2019-06-27,2019,2,6,June,26,4,Thursday
375,2019-06-28,2019,2,6,June,26,5,Friday
376,2019-07-01,2019,3,7,July,27,1,Monday
377,2019-07-02,2019,3,7,July,27,2,Tuesday
378,2019-07-03,2019,3,7,July,27,3,Wednesday
379,2019-07-05,2019,3,7,July,27,5,Friday
380,2019-07-08,2019,3,7,July,28,1,Monday
381,2019-07-09,2019,3,7,July,28,2,Tuesday
382,2019-07-10,2019,3,7,July,28,3,Wednesday
383,2019-07-11,2019,3,7,July,28,4,Thursday
384,2019-07-12,2019,3,7,July,28,5,Friday
385,2019-07-15,2019,3,7,July,29,1,Monday
386,2019-07-16,2019,3,7,July,29,2,Tuesday
387,2019-07-17,2019,3,7,July,29,3,Wednesday
388,2019-07-18,2019,3,7,July,29,4,Thursday
389,2019-07-19,2019,3,7,July,29,5,Friday
390,2019-07-22,2019,3,7,July,30,1,Monday
391,2019-07-23,2019,3,7,July,30,2,Tuesday
392,2019-07-24,2019,3,7,July,30,3,Wednesday
393,2019-07-25,2019,3,7,July,30,4,Thursday
394,2019-07-26,2019,3,7,July,30,5,Friday
395,2019-07-29,2019,3,7,July,31,1,Monday
396,2019-07-30,2019,3,7,July,31,2,Tuesday
397,2019-07-31,2019,3,7,July,31,3,Wednesday
398,2019-08-01,2019,3,8,August,31,4,Thursday
399,2019-08-02,2019,3,8,August,31,5,Friday
400,2019-08-05,2019,3,8,August,32,1,Monday
401,2019-08-06,2019,3,8,August,32,2,Tuesday
402,2019-08-07,2019,3,8,August,32,3,Wednesday
403,2019-08-08,2019,3,8,August,32,4,Thursday
404,2019-08-09,2019,3,8,August,32,5,Friday
405,2019-08-12,2019,3,8,August,33,1,Monday
406,2019-08-13,2019,3,8,August,33,2,Tuesday
407,2019-08-14,2019,3,8,August,33,3,Wednesday
408,2019-08-15,2019,3,8,August,33,4,Thursday
409,2019-08-16,2019,3,8,August,33,5,Friday
410,2019-08-19,2019,3,8,August,34,1,Monday
411,2019-08-20,2019,3,8,August,34,2,Tuesday
412,2019-08-21,2019,3,8,August,34,3,Wednesday
413,2019-08-22,2019,3,8,August,34,4,Thursday
414,2019-08-23,2019,3,8,August,34,5,Friday
415,2019-08-26,2019,3,8,August,35,1,Monday
416,2019-08-27,2019,3,8,August,35,2,Tuesday
417,2019-08-28,2019,3,8,August,35,3,Wednesday
418,2019-08-29,2019,3,8,August,35,4,Thursday
419,2019-08-30,2019,3,8,August,35,5,Friday
420,2019-09-03,2019,3,9,September,36,2,Tuesday
421,2019-09-04,2019,3,9,September,36,3,Wednesday
422,2019-09-05,2019,3,9,September,36,4,Thursday
423,2019-09-06,2019,3,9,September,36,5,Friday
424,2019-09-09,2019,3,9,September,37,1,Monday
425,2019-09-10,2019,3,9,September,37,2,Tuesday
426,2019-09-11,2019,3,9,September,37,3,Wednesday
427,2019-09-12,2019,3,9,September,37,4,Thursday
428,2019-09-13,2019,3,9,September,37,5,Friday
429,2019-09-16,2019,3,9,September,38,1,Monday
430,2019-09-17,2019,3,9,September,38,2,Tuesday
431,2019-09-18,2019,3,9,September,38,3,Wednesday
432,2019-09-19,2019,3,9,September,38,4,Thursday
433,2019-09-20,2019,3,9,September,38,5,Friday
434,2019-09-23,2019,3,9,September,39,1,Monday
435,2019-09-24,2019,3,9,September,39,2,Tuesday
436,2019-09-25,2019,3,9,September,39,3,Wednesday
437,2019-09-26,2019,3,9,September,39,4,Thursday
438,2019-09-27,2019,3,9,September,39,5,Friday
439,2019-09-30,2019,3,9,September,40,1,Monday
440,2019-10-01,2019,4,10,October,40,2,Tuesday
441,2019-10-02,2019,4,10,October,40,3,Wednesday
442,2019-10-03,2019,4,10,October,40,4,Thursday
443,2019-10-04,2019,4,10,October,40,5,Friday
444,2019-10-07,2019,4,10,October,41,1,Monday
445,2019-10-08,2019,4,10,October,41,2,Tuesday
446,2019-10-09,2019,4,10,October,41,3,Wednesday
447,2019-10-10,2019,4,10,October,41,4,Thursday
448,2019-10-11,2019,4,10,October,41,5,Friday
449,2019-10-14,2019,4,10,October,42,1,Monday
450,2019-10-15,2019,4,10,October,42,2,Tuesday
451,2019-10-16,2019,4,10,October,42,3,Wednesday
452,2019-10-17,2019,4,10,October,42,4,Thursday
453,2019-10-18,2019,4,10,October,42,5,Friday
454,2019-10-21,2019,4,10,October,43,1,Monday
455,2019-10-22,2019,4,10,October,43,2,Tuesday
456,2019-10-23,2019,4,10,October,43,3,Wednesday
457,2019-10-24,2019,4,10,October,43,4,Thursday
458,2019-10-25,2019,4,10,October,43,5,Friday
459,2019-10-28,2019,4,10,October,44,1,Monday
460,2019-10-29,2019,4,10,October,44,2,Tuesday
461,2019-10-30,2019,4,10,October,44,3,Wednesday
462,2019-10-31,2019,4,10,October,44,4,Thursday
463,2019-11-01,2019,4,11,November,44,5,Friday
464,2019-11-04,2019,4,11,November,45,1,Monday
465,2019-11-05,2019,4,11,November,45,2,Tuesday
466,2019-11-06,2019,4,11,November,45,3,Wednesday
467,2019-11-07,2019,4,11,November,45,4,Thursday
468,2019-11-08,2019,4,11,November,45,5,Friday
469,2019-11-11,2019,4,11,November,46,1,Monday
470,2019-11-12,2019,4,11,November,46,2,Tuesday
471,2019-11-13,2019,4,11,November,46,3,Wednesday
472,2019-11-14,2019,4,11,November,46,4,Thursday
473,2019-11-15,2019,4,11,November,46,5,Friday
474,2019-11-18,2019,4,11,November,47,1,Monday
475,2019-11-19,2019,4,11,November,47,2,Tuesday
476,2019-11-20,2019,4,11,November,47,3,Wednesday
477,2019-11-21,2019,4,11,November,47,4,Thursday
478,2019-11-22,2019,4,11,November,47,5,Friday
479,2019-11-25,2019,4,11,November,48,1,Monday
480,2019-11-26,2019,4,11,November,48,2,Tuesday
481,2019-11-27,2019,4,11,November,48,3,Wednesday
482,2019-11-29,2019,4,11,November,48,5,Friday
483,2019-12-02,2019,4,12,December,49,1,Monday
484,2019-12-03,2019,4,12,December,49,2,Tuesday
485,2019-12-04,2019,4,12,December,49,3,Wednesday
486,2019-12-05,2019,4,12,December,49,4,Thursday
487,2019-12-06,2019,4,12,December,49,5,Friday
488,2019-12-09,2019,4,12,December,50,1,Monday
489,2019-12-10,2019,4,12,December,50,2,Tuesday
490,2019-12-11,2019,4,12,December,50,3,Wednesday
491,2019-12-12,2019,4,12,December,50,4,Thursday
492,2019-12-13,2019,4,12,December,50,5,Friday
493,2019-12-16,2019,4,12,December,51,1,Monday
494,2019-12-17,2019,4,12,December,51,2,Tuesday
495,2019-12-18,2019,4,12,December,51,3,Wednesday
496,2019-12-19,2019,4,12,December,51,4,Thursday
497,2019-12-20,2019,4,12,December,51,5,Friday
498,2019-12-23,2019,4,12,December,52,1,Monday
499,2019-12-24,2019,4,12,December,52,2,Tuesday
500,2019-12-26,2019,4,12,December,52,4,Thursday
501,2019-12-27,2019,4,12,December,52,5,Friday
502,2019-12-30,2019,4,12,December,1,1,Monday
503,2019-12-31,2019,4,12,December,1,2,Tuesday
504,2020-01-02,2020,1,1,January,1,4,Thursday
505,2020-01-03,2020,1,1,January,1,5,Friday
506,2020-01-06,2020,1,1,January,2,1,Monday
507,2020-01-07,2020,1,1,January,2,2,Tuesday
508,2020-01-08,2020,1,1,January,2,3,Wednesday
509,2020-01-09,2020,1,1,January,2,4,Thursday
510,2020-01-10,2020,1,1,January,2,5,Friday
511,2020-01-13,2020,1,1,January,3,1,Monday
512,2020-01-14,2020,1,1,January,3,2,Tuesday
513,2020-01-15,2020,1,1,January,3,3,Wednesday
514,2020-01-16,2020,1,1,January,3,4,Thursday
515,2020-01-17,2020,1,1,January,3,5,Friday
516,2020-01-21,2020,1,1,January,4,2,Tuesday
517,2020-01-22,2020,1,1,January,4,3,Wednesday
518,2020-01-23,2020,1,1,January,4,4,Thursday
519,2020-01-24,2020,1,1,January,4,5,Friday
520,2020-01-27,2020,1,1,January,5,1,Monday
521,2020-01-28,2020,1,1,January,5,2,Tuesday
522,2020-01-29,2020,1,1,January,5,3,Wednesday
523,2020-01-30,2020,1,1,January,5,4,Thursday
524,2020-01-31,2020,1,1,January,5,5,Friday
525,2020-02-03,2020,1,2,February,6,1,Monday
526,2020-02-04,2020,1,2,February,6,2,Tuesday
527,2020-02-05,2020,1,2,February,6,3,Wednesday
528,2020-02-06,2020,1,2,February,6,4,Thursday
529,2020-02-07,2020,1,2,February,6,5,Friday
530,2020-02-10,2020,1,2,February,7,1,Monday
531,2020-02-11,2020,1,2,February,7,2,Tuesday
532,2020-02-12,2020,1,2,February,7,3,Wednesday
533,2020-02-13,2020,1,2,February,7,4,Thursday
534,2020-02-14,2020,1,2,February,7,5,Friday
535,2020-02-18,2020,1,2,February,8,2,Tuesday
536,2020-02-19,2020,1,2,February,8,3,Wednesday
537,2020-02-20,2020,1,2,February,8,4,Thursday
538,2020-02-21,2020,1,2,February,8,5,Friday
539,2020-02-24,2020,1,2,February,9,1,Monday
540,2020-02-25,2020,1,2,February,9,2,Tuesday
541,2020-02-26,2020,1,2,February,9,3,Wednesday
542,2020-02-27,2020,1,2,February,9,4,Thursday
543,2020-02-28,2020,1,2,February,9,5,Friday
544,2020-03-02,2020,1,3,March,10,1,Monday
545,2020-03-03,2020,1,3,March,10,2,Tuesday
546,2020-03-04,2020,1,3,March,10,3,Wednesday
547,2020-03-05,2020,1,3,March,10,4,Thursday
548,2020-03-06,2020,1,3,March,10,5,Friday
549,2020-03-09,2020,1,3,March,11,1,Monday
550,2020-03-10,2020,1,3,March,11,2,Tuesday
551,2020-03-11,2020,1,3,March,11,3,Wednesday
552,2020-03-12,2020,1,3,March,11,4,Thursday
553,2020-03-13,2020,1,3,March,11,5,Friday
554,2020-03-16,2020,1,3,March,12,1,Monday
555,2020-03-17,2020,1,3,March,12,2,Tuesday
556,2020-03-18,2020,1,3,March,12,3,Wednesday
557,2020-03-19,2020,1,3,March,12,4,Thursday
558,2020-03-20,2020,1,3,March,12,5,Friday
559,2020-03-23,2020,1,3,March,13,1,Monday
560,2020-03-24,2020,1,3,March,13,2,Tuesday
561,2020-03-25,2020,1,3,March,13,3,Wednesday
562,2020-03-26,2020,1,3,March,13,4,Thursday
563,2020-03-27,2020,1,3,March,13,5,Friday
564,2020-03-30,2020,1,3,March,14,1,Monday
565,2020-03-31,2020,1,3,March,14,2,Tuesday
566,2020-04-01,2020,2,4,April,14,3,Wednesday
567,2020-04-02,2020,2,4,April,14,4,Thursday
568,2020-04-03,2020,2,4,April,14,5,Friday
569,2020-04-06,2020,2,4,April,15,1,Monday
570,2020-04-07,2020,2,4,April,15,2,Tuesday
571,2020-04-08,2020,2,4,April,15,3,Wednesday
572,2020-04-09,2020,2,4,April,15,4,Thursday
573,2020-04-13,2020,2,4,April,16,1,Monday
574,2020-04-14,2020,2,4,April,16,2,Tuesday
575,2020-04-15,2020,2,4,April,16,3,Wednesday
576,2020-04-16,2020,2,4,April,16,4,Thursday
577,2020-04-17,2020,2,4,April,16,5,Friday
578,2020-04-20,2020,2,4,April,17,1,Monday
579,2020-04-21,2020,2,4,April,17,2,Tuesday
580,2020-04-22,2020,2,4,April,17,3,Wednesday
581,2020-04-23,2020,2,4,April,17,4,Thursday
582,2020-04-24,2020,2,4,April,17,5,Friday
583,2020-04-27,2020,2,4,April,18,1,Monday
584,2020-04-28,2020,2,4,April,18,2,Tuesday
585,2020-04-29,2020,2,4,April,18,3,Wednesday
586,2020-04-30,2020,2,4,April,18,4,Thursday
587,2020-05-01,2020,2,5,May,18,5,Friday
588,2020-05-04,2020,2,5,May,19,1,Monday
589,2020-05-05,2020,2,5,May,19,2,Tuesday
590,2020-05-06,2020,2,5,May,19,3,Wednesday
591,2020-05-07,2020,2,5,May,19,4,Thursday
592,2020-05-08,2020,2,5,May,19,5,Friday
593,2020-05-11,2020,2,5,May,20,1,Monday
594,2020-05-12,2020,2,5,May,20,2,Tuesday
595,2020-05-13,2020,2,5,May,20,3,Wednesday
596,2020-05-14,2020,2,5,May,20,4,Thursday
597,2020-05-15,2020,2,5,May,20,5,Friday
598,2020-05-18,2020,2,5,May,21,1,Monday
599,2020-05-19,2020,2,5,May,21,2,Tuesday
600,2020-05-20,2020,2,5,May,21,3,Wednesday
601,2020-05-21,2020,2,5,May,21,4,Thursday
602,2020-05-22,2020,2,5,May,21,5,Friday
603,2020-05-26,2020,2,5,May,22,2,Tuesday
604,2020-05-27,2020,2,5,May,22,3,Wednesday
605,2020-05-28,2020,2,5,May,22,4,Thursday
606,2020-05-29,2020,2,5,May,22,5,Friday
607,2020-06-01,2020,2,6,June,23,1,Monday
608,2020-06-02,2020,2,6,June,23,2,Tuesday
609,2020-06-03,2020,2,6,June,23,3,Wednesday
610,2020-06-04,2020,2,6,June,23,4,Thursday
611,2020-06-05,2020,2,6,June,23,5,Friday
612,2020-06-08,2020,2,6,June,24,1,Monday
613,2020-06-09,2020,2,6,June,24,2,Tuesday
614,2020-06-10,2020,2,6,June,24,3,Wednesday
615,2020-06-11,2020,2,6,June,24,4,Thursday
616,2020-06-12,2020,2,6,June,24,5,Friday
617,2020-06-15,2020,2,6,June,25,1,Monday
618,2020-06-16,2020,2,6,June,25,2,Tuesday
619,2020-06-17,2020,2,6,June,25,3,Wednesday
620,2020-06-18,2020,2,6,June,25,4,Thursday
621,2020-06-19,2020,2,6,June,25,5,Friday
622,2020-06-22,2020,2,6,June,26,1,Monday
623,2020-06-23,2020,2,6,June,26,2,Tuesday
624,2020-06-24,2020,2,6,June,26,3,Wednesday
625,2020-06-25,2020,2,6,June,26,4,Thursday
626,2020-06-26,2020,2,6,June,26,5,Friday
627,2020-06-29,2020,2,6,June,27,1,Monday
628,2020-06-30,2020,2,6,June,27,2,Tuesday
629,2020-07-01,2020,3,7,July,27,3,Wednesday
630,2020-07-02,2020,3,7,July,27,4,Thursday
631,2020-07-06,2020,3,7,July,28,1,Monday
632,2020-07-07,2020,3,7,July,28,2,Tuesday
633,2020-07-08,2020,3,7,July,28,3,Wednesday
634,2020-07-09,2020,3,7,July,28,4,Thursday
635,2020-07-10,2020,3,7,July,28,5,Friday
636,2020-07-13,2020,3,7,July,29,1,Monday
637,2020-07-14,2020,3,7,July,29,2,Tuesday
638,2020-07-15,2020,3,7,July,29,3,Wednesday
639,2020-07-16,2020,3,7,July,29,4,Thursday
640,2020-07-17,2020,3,7,July,29,5,Friday
641,2020-07-20,2020,3,7,July,30,1,Monday
642,2020-07-21,2020,3,7,July,30,2,Tuesday
643,2020-07-22,2020,3,7,July,30,3,Wednesday
644,2020-07-23,2020,3,7,July,30,4,Thursday
645,2020-07-24,2020,3,7,July,30,5,Friday
646,2020-07-27,2020,3,7,July,31,1,Monday
647,2020-07-28,2020,3,7,July,31,2,Tuesday
648,2020-07-29,2020,3,7,July,31,3,Wednesday
649,2020-07-30,2020,3,7,July,31,4,Thursday
650,2020-07-31,2020,3,7,July,31,5,Friday
651,2020-08-03,2020,3,8,August,32,1,Monday
652,2020-08-04,2020,3,8,August,32,2,Tuesday
653,2020-08-05,2020,3,8,August,32,3,Wednesday
654,2020-08-06,2020,3,8,August,32,4,Thursday
655,2020-08-07,2020,3,8,August,32,5,Friday
656,2020-08-10,2020,3,8,August,33,1,Monday
657,2020-08-11,2020,3,8,August,33,2,Tuesday
658,2020-08-12,2020,3,8,August,33,3,Wednesday
659,2020-08-13,2020,3,8,August,33,4,Thursday
660,2020-08-14,2020,3,8,August,33,5,Friday
661,2020-08-17,2020,3,8,August,34,1,Monday
662,2020-08-18,2020,3,8,August,34,2,Tuesday
663,2020-08-19,2020,3,8,August,34,3,Wednesday
664,2020-08-20,2020,3,8,August,34,4,Thursday
665,2020-08-21,2020,3,8,August,34,5,Friday
666,2020-08-24,2020,3,8,August,35,1,Monday
667,2020-08-25,2020,3,8,August,35,2,Tuesday
668,2020-08-26,2020,3,8,August,35,3,Wednesday
669,2020-08-27,2020,3,8,August,35,4,Thursday
670,2020-08-28,2020,3,8,August,35,5,Friday
671,2020-08-31,2020,3,8,August,36,1,Monday
672,2020-09-01,2020,3,9,September,36,2,Tuesday
673,2020-09-02,2020,3,9,September,36,3,Wednesday
674,2020-09-03,2020,3,9,September,36,4,Thursday
675,2020-09-04,2020,3,9,September,36,5,Friday
676,2020-09-08,2020,3,9,September,37,2,Tuesday
677,2020-09-09,2020,3,9,September,37,3,Wednesday
678,2020-09-10,2020,3,9,September,37,4,Thursday
679,2020-09-11,2020,3,9,September,37,5,Friday
680,2020-09-14,2020,3,9,September,38,1,Monday
681,2020-09-15,2020,3,9,September,38,2,Tuesday
682,2020-09-16,2020,3,9,September,38,3,Wednesday
683,2020-09-17,2020,3,9,September,38,4,Thursday
684,2020-09-18,2020,3,9,September,38,5,Friday
685,2020-09-21,2020,3,9,September,39,1,Monday
686,2020-09-22,2020,3,9,September,39,2,Tuesday
687,2020-09-23,2020,3,9,September,39,3,Wednesday
688,2020-09-24,2020,3,9,September,39,4,Thursday
689,2020-09-25,2020,3,9,September,39,5,Friday
690,2020-09-28,2020,3,9,September,40,1,Monday
691,2020-09-29,2020,3,9,September,40,2,Tuesday
692,2020-09-30,2020,3,9,September,40,3,Wednesday
693,2020-10-01,2020,4,10,October,40,4,Thursday
694,2020-10-02,2020,4,10,October,40,5,Friday
695,2020-10-05,2020,4,10,October,41,1,Monday
696,2020-10-06,2020,4,10,October,41,2,Tuesday
697,2020-10-07,2020,4,10,October,41,3,Wednesday
698,2020-10-08,2020,4,10,October,41,4,Thursday
699,2020-10-09,2020,4,10,October,41,5,Friday
700,2020-10-12,2020,4,10,October,42,1,Monday
701,2020-10-13,2020,4,10,October,42,2,Tuesday
702,2020-10-14,2020,4,10,October,42,3,Wednesday
703,2020-10-15,2020,4,10,October,42,4,Thursday
704,2020-10-16,2020,4,10,October,42,5,Friday
705,2020-10-19,2020,4,10,October,43,1,Monday
706,2020-10-20,2020,4,10,October,43,2,Tuesday
707,2020-10-21,2020,4,10,October,43,3,Wednesday
708,2020-10-22,2020,4,10,October,43,4,Thursday
709,2020-10-23,2020,4,10,October,43,5,Friday
710,2020-10-26,2020,4,10,October,44,1,Monday
711,2020-10-27,2020,4,10,October,44,2,Tuesday
712,2020-10-28,2020,4,10,October,44,3,Wednesday
713,2020-10-29,2020,4,10,October,44,4,Thursday
714,2020-10-30,2020,4,10,October,44,5,Friday
715,2020-11-02,2020,4,11,November,45,1,Monday
716,2020-11-03,2020,4,11,November,45,2,Tuesday
717,2020-11-04,2020,4,11,November,45,3,Wednesday
718,2020-11-05,2020,4,11,November,45,4,Thursday
719,2020-11-06,2020,4,11,November,45,5,Friday
720,2020-11-09,2020,4,11,November,46,1,Monday
721,2020-11-10,2020,4,11,November,46,2,Tuesday
722,2020-11-11,2020,4,11,November,46,3,Wednesday
723,2020-11-12,2020,4,11,November,46,4,Thursday
724,2020-11-13,2020,4,11,November,46,5,Friday
725,2020-11-16,2020,4,11,November,47,1,Monday
726,2020-11-17,2020,4,11,November,47,2,Tuesday
727,2020-11-18,2020,4,11,November,47,3,Wednesday
728,2020-11-19,2020,4,11,November,47,4,Thursday
729,2020-11-20,2020,4,11,November,47,5,Friday
730,2020-11-23,2020,4,11,November,48,1,Monday
731,2020-11-24,2020,4,11,November,48,2,Tuesday
732,2020-11-25,2020,4,11,November,48,3,Wednesday
733,2020-11-27,2020,4,11,November,48,5,Friday
734,2020-11-30,2020,4,11,November,49,1,Monday
735,2020-12-01,2020,4,12,December,49,2,Tuesday
736,2020-12-02,2020,4,12,December,49,3,Wednesday
737,2020-12-03,2020,4,12,December,49,4,Thursday
738,2020-12-04,2020,4,12,December,49,5,Friday
739,2020-12-07,2020,4,12,December,50,1,Monday
740,2020-12-08,2020,4,12,December,50,2,Tuesday
741,2020-12-09,2020,4,12,December,50,3,Wednesday
742,2020-12-10,2020,4,12,December,50,4,Thursday
743,2020-12-11,2020,4,12,December,50,5,Friday
744,2020-12-14,2020,4,12,December,51,1,Monday
745,2020-12-15,2020,4,12,December,51,2,Tuesday
746,2020-12-16,2020,4,12,December,51,3,Wednesday
747,2020-12-17,2020,4,12,December,51,4,Thursday
748,2020-12-18,2020,4,12,December,51,5,Friday
749,2020-12-21,2020,4,12,December,52,1,Monday
750,2020-12-22,2020,4,12,December,52,2,Tuesday
751,2020-12-23,2020,4,12,December,52,3,Wednesday
752,2020-12-24,2020,4,12,December,52,4,Thursday
753,2020-12-28,2020,4,12,December,53,1,Monday
754,2020-12-29,2020,4,12,December,53,2,Tuesday
755,2020-12-30,2020,4,12,December,53,3,Wednesday
756,2020-12-31,2020,4,12,December,53,4,Thursday
757,2021-01-04,2021,1,1,January,1,1,Monday
758,2021-01-05,2021,1,1,January,1,2,Tuesday
759,2021-01-06,2021,1,1,January,1,3,Wednesday
760,2021-01-07,2021,1,1,January,1,4,Thursday
761,2021-01-08,2021,1,1,January,1,5,Friday
762,2021-01-11,2021,1,1,January,2,1,Monday
763,2021-01-12,2021,1,1,January,2,2,Tuesday
764,2021-01-13,2021,1,1,January,2,3,Wednesday
765,2021-01-14,2021,1,1,January,2,4,Thursday
766,2021-01-15,2021,1,1,January,2,5,Friday
767,2021-01-19,2021,1,1,January,3,2,Tuesday
768,2021-01-20,2021,1,1,January,3,3,Wednesday
769,2021-01-21,2021,1,1,January,3,4,Thursday
770,2021-01-22,2021,1,1,January,3,5,Friday
771,2021-01-25,2021,1,1,January,4,1,Monday
772,2021-01-26,2021,1,1,January,4,2,Tuesday
773,2021-01-27,2021,1,1,January,4,3,Wednesday
774,2021-01-28,2021,1,1,January,4,4,Thursday
775,2021-01-29,2021,1,1,January,4,5,Friday
776,2021-02-01,2021,1,2,February,5,1,Monday
777,2021-02-02,2021,1,2,February,5,2,Tuesday
778,2021-02-03,2021,1,2,February,5,3,Wednesday
779,2021-02-04,2021,1,2,February,5,4,Thursday
780,2021-02-05,2021,1,2,February,5,5,Friday
781,2021-02-08,2021,1,2,February,6,1,Monday
782,2021-02-09,2021,1,2,February,6,2,Tuesday
783,2021-02-10,2021,1,2,February,6,3,Wednesday
784,2021-02-11,2021,1,2,February,6,4,Thursday
785,2021-02-12,2021,1,2,February,6,5,Friday
786,2021-02-16,2021,1,2,February,7,2,Tuesday
787,2021-02-17,2021,1,2,February,7,3,Wednesday
788,2021-02-18,2021,1,2,February,7,4,Thursday
789,2021-02-19,2021,1,2,February,7,5,Friday
790,2021-02-22,2021,1,2,February,8,1,Monday
791,2021-02-23,2021,1,2,February,8,2,Tuesday
792,2021-02-24,2021,1,2,February,8,3,Wednesday
793,2021-02-25,2021,1,2,February,8,4,Thursday
794,2021-02-26,2021,1,2,February,8,5,Friday
795,2021-03-01,2021,1,3,March,9,1,Monday
796,2021-03-02,2021,1,3,March,9,2,Tuesday
797,2021-03-03,2021,1,3,March,9,3,Wednesday
798,2021-03-04,2021,1,3,March,9,4,Thursday
799,2021-03-05,2021,1,3,March,9,5,Friday
800,2021-03-08,2021,1,3,March,10,1,Monday
801,2021-03-09,2021,1,3,March,10,2,Tuesday
802,2021-03-10,2021,1,3,March,10,3,Wednesday
803,2021-03-11,2021,1,3,March,10,4,Thursday
804,2021-03-12,2021,1,3,March,10,5,Friday
805,2021-03-15,2021,1,3,March,11,1,Monday
806,2021-03-16,2021,1,3,March,11,2,Tuesday
807,2021-03-17,2021,1,3,March,11,3,Wednesday
808,2021-03-18,2021,1,3,March,11,4,Thursday
809,2021-03-19,2021,1,3,March,11,5,Friday
810,2021-03-22,2021,1,3,March,12,1,Monday
811,2021-03-23,2021,1,3,March,12,2,Tuesday
812,2021-03-24,2021,1,3,March,12,3,Wednesday
813,2021-03-25,2021,1,3,March,12,4,Thursday
814,2021-03-26,2021,1,3,March,12,5,Friday
815,2021-03-29,2021,1,3,March,13,1,Monday
816,2021-03-30,2021,1,3,March,13,2,Tuesday
817,2021-03-31,2021,1,3,March,13,3,Wednesday
818,2021-04-01,2021,2,4,April,13,4,Thursday
819,2021-04-05,2021,2,4,April,14,1,Monday
820,2021-04-06,2021,2,4,April,14,2,Tuesday
821,2021-04-07,2021,2,4,April,14,3,Wednesday
822,2021-04-08,2021,2,4,April,14,4,Thursday
823,2021-04-09,2021,2,4,April,14,5,Friday
824,2021-04-12,2021,2,4,April,15,1,Monday
825,2021-04-13,2021,2,4,April,15,2,Tuesday
826,2021-04-14,2021,2,4,April,15,3,Wednesday
827,2021-04-15,2021,2,4,April,15,4,Thursday
828,2021-04-16,2021,2,4,April,15,5,Friday
829,2021-04-19,2021,2,4,April,16,1,Monday
830,2021-04-20,2021,2,4,April,16,2,Tuesday
831,2021-04-21,2021,2,4,April,16,3,Wednesday
832,2021-04-22,2021,2,4,April,16,4,Thursday
833,2021-04-23,2021,2,4,April,16,5,Friday
834,2021-04-26,2021,2,4,April,17,1,Monday
835,2021-04-27,2021,2,4,April,17,2,Tuesday
836,2021-04-28,2021,2,4,April,17,3,Wednesday
837,2021-04-29,2021,2,4,April,17,4,Thursday
838,2021-04-30,2021,2,4,April,17,5,Friday
839,2021-05-03,2021,2,5,May,18,1,Monday
840,2021-05-04,2021,2,5,May,18,2,Tuesday
841,2021-05-05,2021,2,5,May,18,3,Wednesday
842,2021-05-06,2021,2,5,May,18,4,Thursday
843,2021-05-07,2021,2,5,May,18,5,Friday
844,2021-05-10,2021,2,5,May,19,1,Monday
845,2021-05-11,2021,2,5,May,19,2,Tuesday
846,2021-05-12,2021,2,5,May,19,3,Wednesday
847,2021-05-13,2021,2,5,May,19,4,Thursday
848,2021-05-14,2021,2,5,May,19,5,Friday
849,2021-05-17,2021,2,5,May,20,1,Monday
850,2021-05-18,2021,2,5,May,20,2,Tuesday
851,2021-05-19,2021,2,5,May,20,3,Wednesday
852,2021-05-20,2021,2,5,May,20,4,Thursday
853,2021-05-21,2021,2,5,May,20,5,Friday
854,2021-05-24,2021,2,5,May,21,1,Monday
855,2021-05-25,2021,2,5,May,21,2,Tuesday
856,2021-05-26,2021,2,5,May,21,3,Wednesday
857,2021-05-27,2021,2,5,May,21,4,Thursday
858,2021-05-28,2021,2,5,May,21,5,Friday
859,2021-06-01,2021,2,6,June,22,2,Tuesday
860,2021-06-02,2021,2,6,June,22,3,Wednesday
861,2021-06-03,2021,2,6,June,22,4,Thursday
862,2021-06-04,2021,2,6,June,22,5,Friday
863,2021-06-07,2021,2,6,June,23,1,Monday
864,2021-06-08,2021,2,6,June,23,2,Tuesday
865,2021-06-09,2021,2,6,June,23,3,Wednesday
866,2021-06-10,2021,2,6,June,23,4,Thursday
867,2021-06-11,2021,2,6,June,23,5,Friday
868,2021-06-14,2021,2,6,June,24,1,Monday
869,2021-06-15,2021,2,6,June,24,2,Tuesday
870,2021-06-16,2021,2,6,June,24,3,Wednesday
871,2021-06-17,2021,2,6,June,24,4,Thursday
872,2021-06-18,2021,2,6,June,24,5,Friday
873,2021-06-21,2021,2,6,June,25,1,Monday
874,2021-06-22,2021,2,6,June,25,2,Tuesday
875,2021-06-23,2021,2,6,June,25,3,Wednesday
876,2021-06-24,2021,2,6,June,25,4,Thursday
877,2021-06-25,2021,2,6,June,25,5,Friday
878,2021-06-28,2021,2,6,June,26,1,Monday
879,2021-06-29,2021,2,6,June,26,2,Tuesday
880,2021-06-30,2021,2,6,June,26,3,Wednesday
881,2021-07-01,2021,3,7,July,26,4,Thursday
882,2021-07-02,2021,3,7,July,26,5,Friday
883,2021-07-06,2021,3,7,July,27,2,Tuesday
884,2021-07-07,2021,3,7,July,27,3,Wednesday
885,2021-07-08,2021,3,7,July,27,4,Thursday
886,2021-07-09,2021,3,7,July,27,5,Friday
887,2021-07-12,2021,3,7,July,28,1,Monday
888,2021-07-13,2021,3,7,July,28,2,Tuesday
889,2021-07-14,2021,3,7,July,28,3,Wednesday
890,2021-07-15,2021,3,7,July,28,4,Thursday
891,2021-07-16,2021,3,7,July,28,5,Friday
892,2021-07-19,2021,3,7,July,29,1,Monday
893,2021-07-20,2021,3,7,July,29,2,Tuesday
894,2021-07-21,2021,3,7,July,29,3,Wednesday
895,2021-07-22,2021,3,7,July,29,4,Thursday
896,2021-07-23,2021,3,7,July,29,5,Friday
897,2021-07-26,2021,3,7,July,30,1,Monday
898,2021-07-27,2021,3,7,July,30,2,Tuesday
899,2021-07-28,2021,3,7,July,30,3,Wednesday
900,2021-07-29,2021,3,7,July,30,4,Thursday
901,2021-07-30,2021,3,7,July,30,5,Friday
902,2021-08-02,2021,3,8,August,31,1,Monday
903,2021-08-03,2021,3,8,August,31,2,Tuesday
904,2021-08-04,2021,3,8,August,31,3,Wednesday
905,2021-08-05,2021,3,8,August,31,4,Thursday
906,2021-08-06,2021,3,8,August,31,5,Friday
907,2021-08-09,2021,3,8,August,32,1,Monday
908,2021-08-10,2021,3,8,August,32,2,Tuesday
909,2021-08-11,2021,3,8,August,32,3,Wednesday
910,2021-08-12,2021,3,8,August,32,4,Thursday
911,2021-08-13,2021,3,8,August,32,5,Friday
912,2021-08-16,2021,3,8,August,33,1,Monday
913,2021-08-17,2021,3,8,August,33,2,Tuesday
914,2021-08-18,2021,3,8,August,33,3,Wednesday
915,2021-08-19,2021,3,8,August,33,4,Thursday
916,2021-08-20,2021,3,8,August,33,5,Friday
917,2021-08-23,2021,3,8,August,34,1,Monday
918,2021-08-24,2021,3,8,August,34,2,Tuesday
919,2021-08-25,2021,3,8,August,34,3,Wednesday
920,2021-08-26,2021,3,8,August,34,4,Thursday
921,2021-08-27,2021,3,8,August,34,5,Friday
922,2021-08-30,2021,3,8,August,35,1,Monday
923,2021-08-31,2021,3,8,August,35,2,Tuesday
924,2021-09-01,2021,3,9,September,35,3,Wednesday
925,2021-09-02,2021,3,9,September,35,4,Thursday
926,2021-09-03,2021,3,9,September,35,5,Friday
927,2021-09-07,2021,3,9,September,36,2,Tuesday
928,2021-09-08,2021,3,9,September,36,3,Wednesday
929,2021-09-09,2021,3,9,September,36,4,Thursday
930,2021-09-10,2021,3,9,September,36,5,Friday
931,2021-09-13,2021,3,9,September,37,1,Monday
932,2021-09-14,2021,3,9,September,37,2,Tuesday
933,2021-09-15,2021,3,9,September,37,3,Wednesday
934,2021-09-16,2021,3,9,September,37,4,Thursday
935,2021-09-17,2021,3,9,September,37,5,Friday
936,2021-09-20,2021,3,9,September,38,1,Monday
937,2021-09-21,2021,3,9,September,38,2,Tuesday
938,2021-09-22,2021,3,9,September,38,3,Wednesday
939,2021-09-23,2021,3,9,September,38,4,Thursday
940,2021-09-24,2021,3,9,September,38,5,Friday
941,2021-09-27,2021,3,9,September,39,1,Monday
942,2021-09-28,2021,3,9,September,39,2,Tuesday
943,2021-09-29,2021,3,9,September,39,3,Wednesday
944,2021-09-30,2021,3,9,September,39,4,Thursday
945,2021-10-01,2021,4,10,October,39,5,Friday
946,2021-10-04,2021,4,10,October,40,1,Monday
947,2021-10-05,2021,4,10,October,40,2,Tuesday
948,2021-10-06,2021,4,10,October,40,3,Wednesday
949,2021-10-07,2021,4,10,October,40,4,Thursday
950,2021-10-08,2021,4,10,October,40,5,Friday
951,2021-10-11,2021,4,10,October,41,1,Monday
952,2021-10-12,2021,4,10,October,41,2,Tuesday
953,2021-10-13,2021,4,10,October,41,3,Wednesday
954,2021-10-14,2021,4,10,October,41,4,Thursday
955,2021-10-15,2021,4,10,October,41,5,Friday
956,2021-10-18,2021,4,10,October,42,1,Monday
957,2021-10-19,2021,4,10,October,42,2,Tuesday
958,2021-10-20,2021,4,10,October,42,3,Wednesday
959,2021-10-21,2021,4,10,October,42,4,Thursday
960,2021-10-22,2021,4,10,October,42,5,Friday
961,2021-10-25,2021,4,10,October,43,1,Monday
962,2021-10-26,2021,4,10,October,43,2,Tuesday
963,2021-10-27,2021,4,10,October,43,3,Wednesday
964,2021-10-28,2021,4,10,October,43,4,Thursday
965,2021-10-29,2021,4,10,October,43,5,Friday
966,2021-11-01,2021,4,11,November,44,1,Monday
967,2021-11-02,2021,4,11,November,44,2,Tuesday
968,2021-11-03,2021,4,11,November,44,3,Wednesday
969,2021-11-04,2021,4,11,November,44,4,Thursday
970,2021-11-05,2021,4,11,November,44,5,Friday
971,2021-11-08,2021,4,11,November,45,1,Monday
972,2021-11-09,2021,4,11,November,45,2,Tuesday
973,2021-11-10,2021,4,11,November,45,3,Wednesday
974,2021-11-11,2021,4,11,November,45,4,Thursday
975,2021-11-12,2021,4,11,November,45,5,Friday
976,2021-11-15,2021,4,11,November,46,1,Monday
977,2021-11-16,2021,4,11,November,46,2,Tuesday
978,2021-11-17,2021,4,11,November,46,3,Wednesday
979,2021-11-18,2021,4,11,November,46,4,Thursday
980,2021-11-19,2021,4,11,November,46,5,Friday
981,2021-11-22,2021,4,11,November,47,1,Monday
982,2021-11-23,2021,4,11,November,47,2,Tuesday
983,2021-11-24,2021,4,11,November,47,3,Wednesday
984,2021-11-26,2021,4,11,November,47,5,Friday
985,2021-11-29,2021,4,11,November,48,1,Monday
986,2021-11-30,2021,4,11,November,48,2,Tuesday
987,2021-12-01,2021,4,12,December,48,3,Wednesday
988,2021-12-02,2021,4,12,December,48,4,Thursday
989,2021-12-03,2021,4,12,December,48,5,Friday
990,2021-12-06,2021,4,12,December,49,1,Monday
991,2021-12-07,2021,4,12,December,49,2,Tuesday
992,2021-12-08,2021,4,12,December,49,3,Wednesday
993,2021-12-09,2021,4,12,December,49,4,Thursday
994,2021-12-10,2021,4,12,December,49,5,Friday
995,2021-12-13,2021,4,12,December,50,1,Monday
996,2021-12-14,2021,4,12,December,50,2,Tuesday
997,2021-12-15,2021,4,12,December,50,3,Wednesday
998,2021-12-16,2021,4,12,December,50,4,Thursday
999,2021-12-17,2021,4,12,December,50,5,Friday
1000,2021-12-20,2021,4,12,December,51,1,Monday
1001,2021-12-21,2021,4,12,December,51,2,Tuesday
1002,2021-12-22,2021,4,12,December,51,3,Wednesday
1003,2021-12-23,2021,4,12,December,51,4,Thursday
1004,2021-12-27,2021,4,12,December,52,1,Monday
1005,2021-12-28,2021,4,12,December,52,2,Tuesday
1006,2021-12-29,2021,4,12,December,52,3,Wednesday
1007,2021-12-30,2021,4,12,December,52,4,Thursday
1008,2021-12-31,2021,4,12,December,52,5,Friday
1009,2022-01-03,2022,1,1,January,1,1,Monday
1010,2022-01-04,2022,1,1,January,1,2,Tuesday
1011,2022-01-05,2022,1,1,January,1,3,Wednesday
1012,2022-01-06,2022,1,1,January,1,4,Thursday
1013,2022-01-07,2022,1,1,January,1,5,Friday
1014,2022-01-10,2022,1,1,January,2,1,Monday
1015,2022-01-11,2022,1,1,January,2,2,Tuesday
1016,2022-01-12,2022,1,1,January,2,3,Wednesday
1017,2022-01-13,2022,1,1,January,2,4,Thursday
1018,2022-01-14,2022,1,1,January,2,5,Friday
1019,2022-01-18,2022,1,1,January,3,2,Tuesday
1020,2022-01-19,2022,1,1,January,3,3,Wednesday
1021,2022-01-20,2022,1,1,January,3,4,Thursday
1022,2022-01-21,2022,1,1,January,3,5,Friday
1023,2022-01-24,2022,1,1,January,4,1,Monday
1024,2022-01-25,2022,1,1,January,4,2,Tuesday
1025,2022-01-26,2022,1,1,January,4,3,Wednesday
1026,2022-01-27,2022,1,1,January,4,4,Thursday
1027,2022-01-28,2022,1,1,January,4,5,Friday
1028,2022-01-31,2022,1,1,January,5,1,Monday
1029,2022-02-01,2022,1,2,February,5,2,Tuesday
1030,2022-02-02,2022,1,2,February,5,3,Wednesday
1031,2022-02-03,2022,1,2,February,5,4,Thursday
1032,2022-02-04,2022,1,2,February,5,5,Friday
1033,2022-02-07,2022,1,2,February,6,1,Monday
1034,2022-02-08,2022,1,2,February,6,2,Tuesday
1035,2022-02-09,2022,1,2,February,6,3,Wednesday
1036,2022-02-10,2022,1,2,February,6,4,Thursday
1037,2022-02-11,2022,1,2,February,6,5,Friday
1038,2022-02-14,2022,1,2,February,7,1,Monday
1039,2022-02-15,2022,1,2,February,7,2,Tuesday
1040,2022-02-16,2022,1,2,February,7,3,Wednesday
1041,2022-02-17,2022,1,2,February,7,4,Thursday
1042,2022-02-18,2022,1,2,February,7,5,Friday
1043,2022-02-22,2022,1,2,February,8,2,Tuesday
1044,2022-02-23,2022,1,2,February,8,3,Wednesday
1045,2022-02-24,2022,1,2,February,8,4,Thursday
1046,2022-02-25,2022,1,2,February,8,5,Friday
1047,2022-02-28,2022,1,2,February,9,1,Monday
1048,2022-03-01,2022,1,3,March,9,2,Tuesday
1049,2022-03-02,2022,1,3,March,9,3,Wednesday
1050,2022-03-03,2022,1,3,March,9,4,Thursday
1051,2022-03-04,2022,1,3,March,9,5,Friday
1052,2022-03-07,2022,1,3,March,10,1,Monday
1053,2022-03-08,2022,1,3,March,10,2,Tuesday
1054,2022-03-09,2022,1,3,March,10,3,Wednesday
1055,2022-03-10,2022,1,3,March,10,4,Thursday
1056,2022-03-11,2022,1,3,March,10,5,Friday
1057,2022-03-14,2022,1,3,March,11,1,Monday
1058,2022-03-15,2022,1,3,March,11,2,Tuesday
1059,2022-03-16,2022,1,3,March,11,3,Wednesday
1060,2022-03-17,2022,1,3,March,11,4,Thursday
1061,2022-03-18,2022,1,3,March,11,5,Friday
1062,2022-03-21,2022,1,3,March,12,1,Monday
1063,2022-03-22,2022,1,3,March,12,2,Tuesday
1064,2022-03-23,2022,1,3,March,12,3,Wednesday
1065,2022-03-24,2022,1,3,March,12,4,Thursday
1066,2022-03-25,2022,1,3,March,12,5,Friday
1067,2022-03-28,2022,1,3,March,13,1,Monday
1068,2022-03-29,2022,1,3,March,13,2,Tuesday
1069,2022-03-30,2022,1,3,March,13,3,Wednesday
1070,2022-03-31,2022,1,3,March,13,4,Thursday
1071,2022-04-01,2022,2,4,April,13,5,Friday
1072,2022-04-04,2022,2,4,April,14,1,Monday
1073,2022-04-05,2022,2,4,April,14,2,Tuesday
1074,2022-04-06,2022,2,4,April,14,3,Wednesday
1075,2022-04-07,2022,2,4,April,14,4,Thursday
1076,2022-04-08,2022,2,4,April,14,5,Friday
1077,2022-04-11,2022,2,4,April,15,1,Monday
1078,2022-04-12,2022,2,4,April,15,2,Tuesday
1079,2022-04-13,2022,2,4,April,15,3,Wednesday
1080,2022-04-14,2022,2,4,April,15,4,Thursday
1081,2022-04-18,2022,2,4,April,16,1,Monday
1082,2022-04-19,2022,2,4,April,16,2,Tuesday
1083,2022-04-20,2022,2,4,April,16,3,Wednesday
1084,2022-04-21,2022,2,4,April,16,4,Thursday
1085,2022-04-22,2022,2,4,April,16,5,Friday
1086,2022-04-25,2022,2,4,April,17,1,Monday
1087,2022-04-26,2022,2,4,April,17,2,Tuesday
1088,2022-04-27,2022,2,4,April,17,3,Wednesday
1089,2022-04-28,2022,2,4,April,17,4,Thursday
1090,2022-04-29,2022,2,4,April,17,5,Friday
1091,2022-05-02,2022,2,5,May,18,1,Monday
1092,2022-05-03,2022,2,5,May,18,2,Tuesday
1093,2022-05-04,2022,2,5,May,18,3,Wednesday
1094,2022-05-05,2022,2,5,May,18,4,Thursday
1095,2022-05-06,2022,2,5,May,18,5,Friday
1096,2022-05-09,2022,2,5,May,19,1,Monday
1097,2022-05-10,2022,2,5,May,19,2,Tuesday
1098,2022-05-11,2022,2,5,May,19,3,Wednesday
1099,2022-05-12,2022,2,5,May,19,4,Thursday
1100,2022-05-13,2022,2,5,May,19,5,Friday
1101,2022-05-16,2022,2,5,May,20,1,Monday
1102,2022-05-17,2022,2,5,May,20,2,Tuesday
1103,2022-05-18,2022,2,5,May,20,3,Wednesday
1104,2022-05-19,2022,2,5,May,20,4,Thursday
1105,2022-05-20,2022,2,5,May,20,5,Friday
1106,2022-05-23,2022,2,5,May,21,1,Monday
1107,2022-05-24,2022,2,5,May,21,2,Tuesday
1108,2022-05-25,2022,2,5,May,21,3,Wednesday
1109,2022-05-26,2022,2,5,May,21,4,Thursday
1110,2022-05-27,2022,2,5,May,21,5,Friday
1111,2022-05-31,2022,2,5,May,22,2,Tuesday
1112,2022-06-01,2022,2,6,June,22,3,Wednesday
1113,2022-06-02,2022,2,6,June,22,4,Thursday
1114,2022-06-03,2022,2,6,June,22,5,Friday
1115,2022-06-06,2022,2,6,June,23,1,Monday
1116,2022-06-07,2022,2,6,June,23,2,Tuesday
1117,2022-06-08,2022,2,6,June,23,3,Wednesday
1118,2022-06-09,2022,2,6,June,23,4,Thursday
1119,2022-06-10,2022,2,6,June,23,5,Friday
1120,2022-06-13,2022,2,6,June,24,1,Monday
1121,2022-06-14,2022,2,6,June,24,2,Tuesday
1122,2022-06-15,2022,2,6,June,24,3,Wednesday
1123,2022-06-16,2022,2,6,June,24,4,Thursday
1124,2022-06-17,2022,2,6,June,24,5,Friday
1125,2022-06-21,2022,2,6,June,25,2,Tuesday
1126,2022-06-22,2022,2,6,June,25,3,Wednesday
1127,2022-06-23,2022,2,6,June,25,4,Thursday
1128,2022-06-24,2022,2,6,June,25,5,Friday
1129,2022-06-27,2022,2,6,June,26,1,Monday
1130,2022-06-28,2022,2,6,June,26,2,Tuesday
1131,2022-06-29,2022,2,6,June,26,3,Wednesday
1132,2022-06-30,2022,2,6,June,26,4,Thursday
1133,2022-07-01,2022,3,7,July,26,5,Friday
1134,2022-07-05,2022,3,7,July,27,2,Tuesday
1135,2022-07-06,2022,3,7,July,27,3,Wednesday
1136,2022-07-07,2022,3,7,July,27,4,Thursday
1137,2022-07-08,2022,3,7,July,27,5,Friday
1138,2022-07-11,2022,3,7,July,28,1,Monday
1139,2022-07-12,2022,3,7,July,28,2,Tuesday
1140,2022-07-13,2022,3,7,July,28,3,Wednesday
1141,2022-07-14,2022,3,7,July,28,4,Thursday
1142,2022-07-15,2022,3,7,July,28,5,Friday
1143,2022-07-18,2022,3,7,July,29,1,Monday
1144,2022-07-19,2022,3,7,July,29,2,Tuesday
1145,2022-07-20,2022,3,7,July,29,3,Wednesday
1146,2022-07-21,2022,3,7,July,29,4,Thursday
1147,2022-07-22,2022,3,7,July,29,5,Friday
1148,2022-07-25,2022,3,7,July,30,1,Monday
1149,2022-07-26,2022,3,7,July,30,2,Tuesday
1150,2022-07-27,2022,3,7,July,30,3,Wednesday
1151,2022-07-28,2022,3,7,July,30,4,Thursday
1152,2022-07-29,2022,3,7,July,30,5,Friday
1153,2022-08-01,2022,3,8,August,31,1,Monday
1154,2022-08-02,2022,3,8,August,31,2,Tuesday
1155,2022-08-03,2022,3,8,August,31,3,Wednesday
1156,2022-08-04,2022,3,8,August,31,4,Thursday
1157,2022-08-05,2022,3,8,August,31,5,Friday
1158,2022-08-08,2022,3,8,August,32,1,Monday
1159,2022-08-09,2022,3,8,August,32,2,Tuesday
1160,2022-08-10,2022,3,8,August,32,3,Wednesday
1161,2022-08-11,2022,3,8,August,32,4,Thursday
1162,2022-08-12,2022,3,8,August,32,5,Friday
1163,2022-08-15,2022,3,8,August,33,1,Monday
1164,2022-08-16,2022,3,8,August,33,2,Tuesday
1165,2022-08-17,2022,3,8,August,33,3,Wednesday
1166,2022-08-18,2022,3,8,August,33,4,Thursday
1167,2022-08-19,2022,3,8,August,33,5,Friday
1168,2022-08-22,2022,3,8,August,34,1,Monday
1169,2022-08-23,2022,3,8,August,34,2,Tuesday
1170,2022-08-24,2022,3,8,August,34,3,Wednesday
1171,2022-08-25,2022,3,8,August,34,4,Thursday
1172,2022-08-26,2022,3,8,August,34,5,Friday
1173,2022-08-29,2022,3,8,August,35,1,Monday
1174,2022-08-30,2022,3,8,August,35,2,Tuesday
1175,2022-08-31,2022,3,8,August,35,3,Wednesday
1176,2022-09-01,2022,3,9,September,35,4,Thursday
1177,2022-09-02,2022,3,9,September,35,5,Friday
1178,2022-09-06,2022,3,9,September,36,2,Tuesday
1179,2022-09-07,2022,3,9,September,36,3,Wednesday
1180,2022-09-08,2022,3,9,September,36,4,Thursday
1181,2022-09-09,2022,3,9,September,36,5,Friday
1182,2022-09-12,2022,3,9,September,37,1,Monday
1183,2022-09-13,2022,3,9,September,37,2,Tuesday
1184,2022-09-14,2022,3,9,September,37,3,Wednesday
1185,2022-09-15,2022,3,9,September,37,4,Thursday
1186,2022-09-16,2022,3,9,September,37,5,Friday
1187,2022-09-19,2022,3,9,September,38,1,Monday
1188,2022-09-20,2022,3,9,September,38,2,Tuesday
1189,2022-09-21,2022,3,9,September,38,3,Wednesday
1190,2022-09-22,2022,3,9,September,38,4,Thursday
1191,2022-09-23,2022,3,9,September,38,5,Friday
1192,2022-09-26,2022,3,9,September,39,1,Monday
1193,2022-09-27,2022,3,9,September,39,2,Tuesday
1194,2022-09-28,2022,3,9,September,39,3,Wednesday
1195,2022-09-29,2022,3,9,September,39,4,Thursday
1196,2022-09-30,2022,3,9,September,39,5,Friday
1197,2022-10-03,2022,4,10,October,40,1,Monday
1198,2022-10-04,2022,4,10,October,40,2,Tuesday
1199,2022-10-05,2022,4,10,October,40,3,Wednesday
1200,2022-10-06,2022,4,10,October,40,4,Thursday
1201,2022-10-07,2022,4,10,October,40,5,Friday
1202,2022-10-10,2022,4,10,October,41,1,Monday
1203,2022-10-11,2022,4,10,October,41,2,Tuesday
1204,2022-10-12,2022,4,10,October,41,3,Wednesday
1205,2022-10-13,2022,4,10,October,41,4,Thursday
1206,2022-10-14,2022,4,10,October,41,5,Friday
1207,2022-10-17,2022,4,10,October,42,1,Monday
1208,2022-10-18,2022,4,10,October,42,2,Tuesday
1209,2022-10-19,2022,4,10,October,42,3,Wednesday
1210,2022-10-20,2022,4,10,October,42,4,Thursday
1211,2022-10-21,2022,4,10,October,42,5,Friday
1212,2022-10-24,2022,4,10,October,43,1,Monday
1213,2022-10-25,2022,4,10,October,43,2,Tuesday
1214,2022-10-26,2022,4,10,October,43,3,Wednesday
1215,2022-10-27,2022,4,10,October,43,4,Thursday
1216,2022-10-28,2022,4,10,October,43,5,Friday
1217,2022-10-31,2022,4,10,October,44,1,Monday
1218,2022-11-01,2022,4,11,November,44,2,Tuesday
1219,2022-11-02,2022,4,11,November,44,3,Wednesday
1220,2022-11-03,2022,4,11,November,44,4,Thursday
1221,2022-11-04,2022,4,11,November,44,5,Friday
1222,2022-11-07,2022,4,11,November,45,1,Monday
1223,2022-11-08,2022,4,11,November,45,2,Tuesday
1224,2022-11-09,2022,4,11,November,45,3,Wednesday
1225,2022-11-10,2022,4,11,November,45,4,Thursday
1226,2022-11-11,2022,4,11,November,45,5,Friday
1227,2022-11-14,2022,4,11,November,46,1,Monday
1228,2022-11-15,2022,4,11,November,46,2,Tuesday
1229,2022-11-16,2022,4,11,November,46,3,Wednesday
1230,2022-11-17,2022,4,11,November,46,4,Thursday
1231,2022-11-18,2022,4,11,November,46,5,Friday
1232,2022-11-21,2022,4,11,November,47,1,Monday
1233,2022-11-22,2022,4,11,November,47,2,Tuesday
1234,2022-11-23,2022,4,11,November,47,3,Wednesday
1235,2022-11-25,2022,4,11,November,47,5,Friday
1236,2022-11-28,2022,4,11,November,48,1,Monday
1237,2022-11-29,2022,4,11,November,48,2,Tuesday
1238,2022-11-30,2022,4,11,November,48,3,Wednesday
1239,2022-12-01,2022,4,12,December,48,4,Thursday
1240,2022-12-02,2022,4,12,December,48,5,Friday
1241,2022-12-05,2022,4,12,December,49,1,Monday
1242,2022-12-06,2022,4,12,December,49,2,Tuesday
1243,2022-12-07,2022,4,12,December,49,3,Wednesday
1244,2022-12-08,2022,4,12,December,49,4,Thursday
1245,2022-12-09,2022,4,12,December,49,5,Friday
1246,2022-12-12,2022,4,12,December,50,1,Monday
1247,2022-12-13,2022,4,12,December,50,2,Tuesday
1248,2022-12-14,2022,4,12,December,50,3,Wednesday
1249,2022-12-15,2022,4,12,December,50,4,Thursday
1250,2022-12-16,2022,4,12,December,50,5,Friday
1251,2022-12-19,2022,4,12,December,51,1,Monday
1252,2022-12-20,2022,4,12,December,51,2,Tuesday
1253,2022-12-21,2022,4,12,December,51,3,Wednesday
1254,2022-12-22,2022,4,12,December,51,4,Thursday
1255,2022-12-23,2022,4,12,December,51,5,Friday
1256,2022-12-27,2022,4,12,December,52,2,Tuesday
1257,2022-12-28,2022,4,12,December,52,3,Wednesday
1258,2022-12-29,2022,4,12,December,52,4,Thursday
1259,2022-12-30,2022,4,12,December,52,5,Friday
1260,2023-01-03,2023,1,1,January,1,2,Tuesday
1261,2023-01-04,2023,1,1,January,1,3,Wednesday
1262,2023-01-05,2023,1,1,January,1,4,Thursday
1263,2023-01-06,2023,1,1,January,1,5,Friday
1264,2023-01-09,2023,1,1,January,2,1,Monday
1265,2023-01-10,2023,1,1,January,2,2,Tuesday
1266,2023-01-11,2023,1,1,January,2,3,Wednesday
1267,2023-01-12,2023,1,1,January,2,4,Thursday
1268,2023-01-13,2023,1,1,January,2,5,Friday
1269,2023-01-17,2023,1,1,January,3,2,Tuesday
1270,2023-01-18,2023,1,1,January,3,3,Wednesday
1271,2023-01-19,2023,1,1,January,3,4,Thursday
1272,2023-01-20,2023,1,1,January,3,5,Friday
1273,2023-01-23,2023,1,1,January,4,1,Monday
1274,2023-01-24,2023,1,1,January,4,2,Tuesday
1275,2023-01-25,2023,1,1,January,4,3,Wednesday
1276,2023-01-26,2023,1,1,January,4,4,Thursday
1277,2023-01-27,2023,1,1,January,4,5,Friday
1278,2023-01-30,2023,1,1,January,5,1,Monday
1279,2023-01-31,2023,1,1,January,5,2,Tuesday
1280,2023-02-01,2023,1,2,February,5,3,Wednesday
1281,2023-02-02,2023,1,2,February,5,4,Thursday
1282,2023-02-03,2023,1,2,February,5,5,Friday
1283,2023-02-06,2023,1,2,February,6,1,Monday
1284,2023-02-07,2023,1,2,February,6,2,Tuesday
1285,2023-02-08,2023,1,2,February,6,3,Wednesday
1286,2023-02-09,2023,1,2,February,6,4,Thursday
1287,2023-02-10,2023,1,2,February,6,5,Friday
1288,2023-02-13,2023,1,2,February,7,1,Monday
1289,2023-02-14,2023,1,2,February,7,2,Tuesday
1290,2023-02-15,2023,1,2,February,7,3,Wednesday
1291,2023-02-16,2023,1,2,February,7,4,Thursday
1292,2023-02-17,2023,1,2,February,7,5,Friday
1293,2023-02-21,2023,1,2,February,8,2,Tuesday
1294,2023-02-22,2023,1,2,February,8,3,Wednesday
1295,2023-02-23,2023,1,2,February,8,4,Thursday
1296,2023-02-24,2023,1,2,February,8,5,Friday
1297,2023-02-27,2023,1,2,February,9,1,Monday
1298,2023-02-28,2023,1,2,February,9,2,Tuesday
1299,2023-03-01,2023,1,3,March,9,3,Wednesday
1300,2023-03-02,2023,1,3,March,9,4,Thursday
1301,2023-03-03,2023,1,3,March,9,5,Friday
1302,2023-03-06,2023,1,3,March,10,1,Monday
1303,2023-03-07,2023,1,3,March,10,2,Tuesday
1304,2023-03-08,2023,1,3,March,10,3,Wednesday
1305,2023-03-09,2023,1,3,March,10,4,Thursday
1306,2023-03-10,2023,1,3,March,10,5,Friday
1307,2023-03-13,2023,1,3,March,11,1,Monday
1308,2023-03-14,2023,1,3,March,11,2,Tuesday
1309,2023-03-15,2023,1,3,March,11,3,Wednesday
1310,2023-03-16,2023,1,3,March,11,4,Thursday
1311,2023-03-17,2023,1,3,March,11,5,Friday
1312,2023-03-20,2023,1,3,March,12,1,Monday
1313,2023-03-21,2023,1,3,March,12,2,Tuesday
1314,2023-03-22,2023,1,3,March,12,3,Wednesday
1315,2023-03-23,2023,1,3,March,12,4,Thursday
1316,2023-03-24,2023,1,3,March,12,5,Friday
1317,2023-03-27,2023,1,3,March,13,1,Monday
1318,2023-03-28,2023,1,3,March,13,2,Tuesday
1319,2023-03-29,2023,1,3,March,13,3,Wednesday
1320,2023-03-30,2023,1,3,March,13,4,Thursday
1321,2023-03-31,2023,1,3,March,13,5,Friday
1322,2023-04-03,2023,2,4,April,14,1,Monday
1323,2023-04-04,2023,2,4,April,14,2,Tuesday
1324,2023-04-05,2023,2,4,April,14,3,Wednesday
1325,2023-04-06,2023,2,4,April,14,4,Thursday
1326,2023-04-10,2023,2,4,April,15,1,Monday
1327,2023-04-11,2023,2,4,April,15,2,Tuesday
1328,2023-04-12,2023,2,4,April,15,3,Wednesday
1329,2023-04-13,2023,2,4,April,15,4,Thursday
1330,2023-04-14,2023,2,4,April,15,5,Friday
1331,2023-04-17,2023,2,4,April,16,1,Monday
1332,2023-04-18,2023,2,4,April,16,2,Tuesday
1333,2023-04-19,2023,2,4,April,16,3,Wednesday
1334,2023-04-20,2023,2,4,April,16,4,Thursday
1335,2023-04-21,2023,2,4,April,16,5,Friday
1336,2023-04-24,2023,2,4,April,17,1,Monday
1337,2023-04-25,2023,2,4,April,17,2,Tuesday
1338,2023-04-26,2023,2,4,April,17,3,Wednesday
1339,2023-04-27,2023,2,4,April,17,4,Thursday
1340,2023-04-28,2023,2,4,April,17,5,Friday
1341,2023-05-01,2023,2,5,May,18,1,Monday
1342,2023-05-02,2023,2,5,May,18,2,Tuesday
1343,2023-05-03,2023,2,5,May,18,3,Wednesday
1344,2023-05-04,2023,2,5,May,18,4,Thursday
1345,2023-05-05,2023,2,5,May,18,5,Friday
1346,2023-05-08,2023,2,5,May,19,1,Monday
1347,2023-05-09,2023,2,5,May,19,2,Tuesday
1348,2023-05-10,2023,2,5,May,19,3,Wednesday
1349,2023-05-11,2023,2,5,May,19,4,Thursday
1350,2023-05-12,2023,2,5,May,19,5,Friday
1351,2023-05-15,2023,2,5,May,20,1,Monday
1352,2023-05-16,2023,2,5,May,20,2,Tuesday
1353,2023-05-17,2023,2,5,May,20,3,Wednesday
1354,2023-05-18,2023,2,5,May,20,4,Thursday
1355,2023-05-19,2023,2,5,May,20,5,Friday
1356,2023-05-22,2023,2,5,May,21,1,Monday
1357,2023-05-23,2023,2,5,May,21,2,Tuesday
1358,2023-05-24,2023,2,5,May,21,3,Wednesday
1359,2023-05-25,2023,2,5,May,21,4,Thursday
1360,2023-05-26,2023,2,5,May,21,5,Friday
1361,2023-05-30,2023,2,5,May,22,2,Tuesday
1362,2023-05-31,2023,2,5,May,22,3,Wednesday
1363,2023-06-01,2023,2,6,June,22,4,Thursday
1364,2023-06-02,2023,2,6,June,22,5,Friday
1365,2023-06-05,2023,2,6,June,23,1,Monday
1366,2023-06-06,2023,2,6,June,23,2,Tuesday
1367,2023-06-07,2023,2,6,June,23,3,Wednesday
1368,2023-06-08,2023,2,6,June,23,4,Thursday
1369,2023-06-09,2023,2,6,June,23,5,Friday
1370,2023-06-12,2023,2,6,June,24,1,Monday
1371,2023-06-13,2023,2,6,June,24,2,Tuesday
1372,2023-06-14,2023,2,6,June,24,3,Wednesday
1373,2023-06-15,2023,2,6,June,24,4,Thursday
1374,2023-06-16,2023,2,6,June,24,5,Friday
1375,2023-06-20,2023,2,6,June,25,2,Tuesday
1376,2023-06-21,2023,2,6,June,25,3,Wednesday
1377,2023-06-22,2023,2,6,June,25,4,Thursday
1378,2023-06-23,2023,2,6,June,25,5,Friday
1379,2023-06-26,2023,2,6,June,26,1,Monday
1380,2023-06-27,2023,2,6,June,26,2,Tuesday
1381,2023-06-28,2023,2,6,June,26,3,Wednesday
1382,2023-06-29,2023,2,6,June,26,4,Thursday
1383,2023-06-30,2023,2,6,June,26,5,Friday
1384,2023-07-03,2023,3,7,July,27,1,Monday
1385,2023-07-05,2023,3,7,July,27,3,Wednesday
1386,2023-07-06,2023,3,7,July,27,4,Thursday
1387,2023-07-07,2023,3,7,July,27,5,Friday
1388,2023-07-10,2023,3,7,July,28,1,Monday
1389,2023-07-11,2023,3,7,July,28,2,Tuesday
1390,2023-07-12,2023,3,7,July,28,3,Wednesday
1391,2023-07-13,2023,3,7,July,28,4,Thursday
1392,2023-07-14,2023,3,7,July,28,5,Friday
1393,2023-07-17,2023,3,7,July,29,1,Monday
1394,2023-07-18,2023,3,7,July,29,2,Tuesday
1395,2023-07-19,2023,3,7,July,29,3,Wednesday
1396,2023-07-20,2023,3,7,July,29,4,Thursday
1397,2023-07-21,2023,3,7,July,29,5,Friday
1398,2023-07-24,2023,3,7,July,30,1,Monday
1399,2023-07-25,2023,3,7,July,30,2,Tuesday
1400,2023-07-26,2023,3,7,July,30,3,Wednesday
1401,2023-07-27,2023,3,7,July,30,4,Thursday
1402,2023-07-28,2023,3,7,July,30,5,Friday
1403,2023-07-31,2023,3,7,July,31,1,Monday
1404,2023-08-01,2023,3,8,August,31,2,Tuesday
1405,2023-08-02,2023,3,8,August,31,3,Wednesday
1406,2023-08-03,2023,3,8,August,31,4,Thursday
1407,2023-08-04,2023,3,8,August,31,5,Friday
1408,2023-08-07,2023,3,8,August,32,1,Monday
1409,2023-08-08,2023,3,8,August,32,2,Tuesday
1410,2023-08-09,2023,3,8,August,32,3,Wednesday
1411,2023-08-10,2023,3,8,August,32,4,Thursday
1412,2023-08-11,2023,3,8,August,32,5,Friday
1413,2023-08-14,2023,3,8,August,33,1,Monday
1414,2023-08-15,2023,3,8,August,33,2,Tuesday
1415,2023-08-16,2023,3,8,August,33,3,Wednesday
1416,2023-08-17,2023,3,8,August,33,4,Thursday
1417,2023-08-18,2023,3,8,August,33,5,Friday
1418,2023-08-21,2023,3,8,August,34,1,Monday
1419,2023-08-22,2023,3,8,August,34,2,Tuesday
1420,2023-08-23,2023,3,8,August,34,3,Wednesday
1421,2023-08-24,2023,3,8,August,34,4,Thursday
1422,2023-08-25,2023,3,8,August,34,5,Friday
1423,2023-08-28,2023,3,8,August,35,1,Monday
1424,2023-08-29,2023,3,8,August,35,2,Tuesday
1425,2023-08-30,2023,3,8,August,35,3,Wednesday
1426,2023-08-31,2023,3,8,August,35,4,Thursday
1427,2023-09-01,2023,3,9,September,35,5,Friday
1428,2023-09-05,2023,3,9,September,36,2,Tuesday
1429,2023-09-06,2023,3,9,September,36,3,Wednesday
1430,2023-09-07,2023,3,9,September,36,4,Thursday
1431,2023-09-08,2023,3,9,September,36,5,Friday
1432,2023-09-11,2023,3,9,September,37,1,Monday
1433,2023-09-12,2023,3,9,September,37,2,Tuesday
1434,2023-09-13,2023,3,9,September,37,3,Wednesday
1435,2023-09-14,2023,3,9,September,37,4,Thursday
1436,2023-09-15,2023,3,9,September,37,5,Friday
1437,2023-09-18,2023,3,9,September,38,1,Monday
1438,2023-09-19,2023,3,9,September,38,2,Tuesday
1439,2023-09-20,2023,3,9,September,38,3,Wednesday
1440,2023-09-21,2023,3,9,September,38,4,Thursday
1441,2023-09-22,2023,3,9,September,38,5,Friday
1442,2023-09-25,2023,3,9,September,39,1,Monday
1443,2023-09-26,2023,3,9,September,39,2,Tuesday
1444,2023-09-27,2023,3,9,September,39,3,Wednesday
1445,2023-09-28,2023,3,9,September,39,4,Thursday
1446,2023-09-29,2023,3,9,September,39,5,Friday
1447,2023-10-02,2023,4,10,October,40,1,Monday
1448,2023-10-03,2023,4,10,October,40,2,Tuesday
1449,2023-10-04,2023,4,10,October,40,3,Wednesday
1450,2023-10-05,2023,4,10,October,40,4,Thursday
1451,2023-10-06,2023,4,10,October,40,5,Friday
1452,2023-10-09,2023,4,10,October,41,1,Monday
1453,2023-10-10,2023,4,10,October,41,2,Tuesday
1454,2023-10-11,2023,4,10,October,41,3,Wednesday
1455,2023-10-12,2023,4,10,October,41,4,Thursday
1456,2023-10-13,2023,4,10,October,41,5,Friday
1457,2023-10-16,2023,4,10,October,42,1,Monday
1458,2023-10-17,2023,4,10,October,42,2,Tuesday
1459,2023-10-18,2023,4,10,October,42,3,Wednesday
1460,2023-10-19,2023,4,10,October,42,4,Thursday
1461,2023-10-20,2023,4,10,October,42,5,Friday
1462,2023-10-23,2023,4,10,October,43,1,Monday
1463,2023-10-24,2023,4,10,October,43,2,Tuesday
1464,2023-10-25,2023,4,10,October,43,3,Wednesday
1465,2023-10-26,2023,4,10,October,43,4,Thursday
1466,2023-10-27,2023,4,10,October,43,5,Friday
1467,2023-10-30,2023,4,10,October,44,1,Monday
1468,2023-10-31,2023,4,10,October,44,2,Tuesday
1469,2023-11-01,2023,4,11,November,44,3,Wednesday
1470,2023-11-02,2023,4,11,November,44,4,Thursday
1471,2023-11-03,2023,4,11,November,44,5,Friday
1472,2023-11-06,2023,4,11,November,45,1,Monday
1473,2023-11-07,2023,4,11,November,45,2,Tuesday
1474,2023-11-08,2023,4,11,November,45,3,Wednesday
1475,2023-11-09,2023,4,11,November,45,4,Thursday
1476,2023-11-10,2023,4,11,November,45,5,Friday
1477,2023-11-13,2023,4,11,November,46,1,Monday
1478,2023-11-14,2023,4,11,November,46,2,Tuesday
1479,2023-11-15,2023,4,11,November,46,3,Wednesday
1480,2023-11-16,2023,4,11,November,46,4,Thursday
1481,2023-11-17,2023,4,11,November,46,5,Friday
1482,2023-11-20,2023,4,11,November,47,1,Monday
1483,2023-11-21,2023,4,11,November,47,2,Tuesday
1484,2023-11-22,2023,4,11,November,47,3,Wednesday
1485,2023-11-24,2023,4,11,November,47,5,Friday
1486,2023-11-27,2023,4,11,November,48,1,Monday
1487,2023-11-28,2023,4,11,November,48,2,Tuesday
1488,2023-11-29,2023,4,11,November,48,3,Wednesday
1489,2023-11-30,2023,4,11,November,48,4,Thursday
1490,2023-12-01,2023,4,12,December,48,5,Friday
1491,2023-12-04,2023,4,12,December,49,1,Monday
1492,2023-12-05,2023,4,12,December,49,2,Tuesday
1493,2023-12-06,2023,4,12,December,49,3,Wednesday
1494,2023-12-07,2023,4,12,December,49,4,Thursday
1495,2023-12-08,2023,4,12,December,49,5,Friday
1496,2023-12-11,2023,4,12,December,50,1,Monday
1497,2023-12-12,2023,4,12,December,50,2,Tuesday
1498,2023-12-13,2023,4,12,December,50,3,Wednesday
1499,2023-12-14,2023,4,12,December,50,4,Thursday
1500,2023-12-15,2023,4,12,December,50,5,Friday
1501,2023-12-18,2023,4,12,December,51,1,Monday
1502,2023-12-19,2023,4,12,December,51,2,Tuesday
1503,2023-12-20,2023,4,12,December,51,3,Wednesday
1504,2023-12-21,2023,4,12,December,51,4,Thursday
1505,2023-12-22,2023,4,12,December,51,5,Friday
1506,2023-12-26,2023,4,12,December,52,2,Tuesday
1507,2023-12-27,2023,4,12,December,52,3,Wednesday
1508,2023-12-28,2023,4,12,December,52,4,Thursday
1509,2023-12-29,2023,4,12,December,52,5,Friday
